fold,train_cases,test_cases,train_regular,train_deviant,test_regular,test_deviant,stable_baseline_cases,threshold,threshold_method,accuracy,precision,recall,f1,mcc,auc_roc,auc_pr
1,111,28,58,53,14,14,88,0.541,anomaly_score_pr_max_f1,0.9642857142857143,0.9333333333333333,1.0,0.9655172413793104,0.9309493362512627,0.9897959183673469,0.9901360544217687
2,111,28,58,53,14,14,88,0.4867,anomaly_score_pr_max_f1,0.9642857142857143,0.9333333333333333,1.0,0.9655172413793104,0.9309493362512627,0.9846938775510203,0.9859693877551019
3,111,28,57,54,15,13,88,0.5285,anomaly_score_pr_max_f1,0.9642857142857143,0.9285714285714286,1.0,0.9629629629629629,0.9309493362512627,0.9948717948717949,0.9945054945054945
4,111,28,57,54,15,13,88,0.5495,anomaly_score_pr_max_f1,0.9642857142857143,1.0,0.9230769230769231,0.96,0.9302605094190635,0.9538461538461538,0.9685314685314685
5,112,27,58,54,14,13,89,0.524,anomaly_score_pr_max_f1,0.9629629629629629,0.9285714285714286,1.0,0.9629629629629629,0.9285714285714286,0.9945054945054945,0.9945054945054945
