fold,train_cases,test_cases,train_regular,train_deviant,test_regular,test_deviant,stable_baseline_cases,threshold,threshold_method,accuracy,precision,recall,f1,mcc,auc_roc,auc_pr
1,111,28,58,53,14,14,88,0.3038,anomaly_score_iterative_baseline_p95,0.8928571428571429,0.8235294117647058,1.0,0.9032258064516129,0.8043996665398437,0.7142857142857142,0.6480725623582766
2,111,28,58,53,14,14,88,0.4025,anomaly_score_iterative_baseline_p95,0.8928571428571429,0.8235294117647058,1.0,0.9032258064516129,0.8043996665398437,0.7244897959183674,0.6176303854875285
3,111,28,57,54,15,13,88,0.273,anomaly_score_iterative_baseline_p95,0.9285714285714286,0.8666666666666667,1.0,0.9285714285714286,0.8666666666666667,0.8512820512820513,0.7154803529803531
4,111,28,57,54,15,13,88,0.4138,anomaly_score_iterative_baseline_p95,0.8571428571428571,0.8,0.9230769230769231,0.8571428571428571,0.7230769230769231,0.6153846153846154,0.617256517991812
5,112,27,58,54,14,13,89,0.3091,anomaly_score_iterative_baseline_p95,0.9629629629629629,0.9285714285714286,1.0,0.9629629629629629,0.9285714285714286,0.7362637362637363,0.6887521478019216
