fold,train_cases,test_cases,train_regular,train_deviant,test_regular,test_deviant,stable_baseline_cases,threshold,threshold_method,accuracy,precision,recall,f1,mcc,auc_roc,auc_pr
1,1600,400,1440,160,360,40,1280,0.5682,anomaly_score_pr_max_f1,0.995,0.975,0.975,0.975,0.9722222222222222,0.9991666666666668,0.9915090632774034
2,1600,400,1440,160,360,40,1280,0.5595,anomaly_score_pr_max_f1,0.9925,1.0,0.925,0.961038961038961,0.9577867048047944,1.0,1.0
3,1600,400,1440,160,360,40,1280,0.5301,anomaly_score_pr_max_f1,1.0,1.0,1.0,1.0,1.0,1.0,1.0
4,1600,400,1440,160,360,40,1280,0.5105,anomaly_score_pr_max_f1,0.99,0.9090909090909091,1.0,0.9523809523809523,0.9481507786158797,0.99875,0.9871429584280083
5,1600,400,1440,160,360,40,1280,0.5049,anomaly_score_pr_max_f1,0.9925,0.9512195121951219,0.975,0.9629629629629629,0.9588816763253444,0.9995138888888889,0.9956154155608584
