fold,train_cases,test_cases,train_regular,train_deviant,test_regular,test_deviant,threshold,threshold_method,accuracy,precision,recall,f1,mcc,auc_roc,auc_pr
1,103692,25923,56482,47210,14120,11803,0.3851,anomaly_score_score_distribution_otsu,0.45523280484511824,0.22451888809693513,0.08006439040921799,0.11803647264551587,-0.20403762116690843,0.36476238875745565,0.38693030179792126
2,103692,25923,56482,47210,14120,11803,0.3849,anomaly_score_score_distribution_otsu,0.45253250009643947,0.2230466032923719,0.08150470219435736,0.11938446264581783,-0.2083601901478432,0.361960891130814,0.385857420790396
3,103692,25923,56482,47210,14120,11803,0.3845,anomaly_score_score_distribution_otsu,0.4508737414651082,0.22097292335933916,0.08158942641701263,0.11917579357713012,-0.21153465019257137,0.3636675171890567,0.38509674353856393
4,103692,25923,56481,47211,14121,11802,0.3851,anomaly_score_score_distribution_otsu,0.4506037109902403,0.2121283624351109,0.07617352991018471,0.11209476309226933,-0.21584266497758012,0.3588351750247375,0.38209925220436175
5,103692,25923,56481,47211,14121,11802,0.3851,anomaly_score_score_distribution_otsu,0.44960074065501676,0.21668198529411764,0.07990171157430943,0.116751269035533,-0.21519648268129188,0.3589848695674652,0.3838662936490651
